日期时间,发电量[kW*h],风速[m/s],风向[°]
2022/11/15 0:00,127570.7882,9.738,239
2022/11/15 1:00,135668.5816,10.038,240
2022/11/15 2:00,142818.4282,10.338,241
2022/11/15 3:00,149418.0617,10.638,242
2022/11/15 4:00,155371.793,10.938,243
2022/11/15 5:00,160400.5528,11.238,244
2022/11/15 6:00,165056.0583,11.538,245
2022/11/15 7:00,174758.8936,12.41266667,246
2022/11/15 8:00,180711.0465,13.28733333,247
2022/11/15 9:00,184266.6046,14.162,248
2022/11/15 10:00,186328.4467,15.03666667,249
2022/11/15 11:00,187472.6995,15.91133333,250
2022/11/15 12:00,188121.6142,16.786,251
2022/11/15 13:00,187808.2207,16.3055,252
2022/11/15 14:00,187378.8944,15.825,253
2022/11/15 15:00,186791.7382,15.3445,254
2022/11/15 16:00,185990.5144,14.864,255
2022/11/15 17:00,184900.3969,14.3835,256
2022/11/15 18:00,183423.0144,13.903,257
2022/11/15 19:00,184697.24,14.3125,258
2022/11/15 20:00,185695.2915,14.722,259
2022/11/15 21:00,186471.1716,15.1315,260
2022/11/15 22:00,187070.3152,15.541,
2022/11/15 23:00,187515.2559,15.9505,
2022/11/16 0:00,187850.8895,16.36,
2022/11/16 1:00,186400.1854,15.08433333,
2022/11/16 2:00,183053.4133,13.80866667,
2022/11/16 3:00,175829.1151,12.533,
2022/11/16 4:00,160709.1,11.25733333,
2022/11/16 5:00,134259.6671,9.981666667,
2022/11/16 6:00,96737.12194,8.706,
2022/11/16 7:00,74229.27295,7.980833333,
2022/11/16 8:00,54026.59461,7.255666667,
2022/11/16 9:00,37190.90072,6.5305,
2022/11/16 10:00,24835.80226,5.805333333,
2022/11/16 11:00,15921.60497,5.080166667,
2022/11/16 12:00,10002.01731,4.355,
2022/11/16 13:00,9422.106363,4.261333333,
2022/11/16 14:00,8842.195421,4.167666667,
2022/11/16 15:00,8262.284478,4.074,
2022/11/16 16:00,7714.195295,3.980333333,
2022/11/16 17:00,7285.842226,3.886666667,
2022/11/16 18:00,6857.489156,3.793,
2022/11/16 19:00,5446.072903,3.478666667,
2022/11/16 20:00,4392.873469,3.164333333,
2022/11/16 21:00,3476.22812,2.85,
2022/11/16 22:00,2709.185357,2.535666667,
2022/11/16 23:00,2129.054117,2.221333333,
2022/11/17 0:00,1618.454807,1.907,
2022/11/17 1:00,2453.164923,2.4045,
2022/11/17 2:00,3603.119605,2.902,
2022/11/17 3:00,5180.818539,3.3995,
2022/11/17 4:00,7333.098258,3.897,
2022/11/17 5:00,10246.5705,4.3945,
2022/11/17 6:00,14149.41864,4.892,
2022/11/17 7:00,22729.04621,5.6565,
2022/11/17 8:00,35112.98957,6.421,
2022/11/17 9:00,52221.78208,7.1855,
2022/11/17 10:00,73336.78507,7.95,
2022/11/17 11:00,97004.00244,8.7145,
2022/11/17 12:00,120404.5491,9.479,
2022/11/17 13:00,74475.31015,7.989333333,
2022/11/17 14:00,36518.46098,6.499666667,
2022/11/17 15:00,15154.11772,5.01,
2022/11/17 16:00,5610.539651,3.520333333,
2022/11/17 17:00,1791.672168,2.030666667,
2022/11/17 18:00,331.7883849,0.541,
2022/11/17 19:00,1529.133369,1.837166667,
2022/11/17 20:00,4289.005444,3.133333333,
2022/11/17 21:00,10463.2632,4.4295,
2022/11/17 22:00,23708.10977,5.725666667,
2022/11/17 23:00,48011.98181,7.021833333,
2022/11/18 0:00,84632.60657,8.318,
2022/11/18 1:00,93597.35137,8.606,
2022/11/18 2:00,102639.8906,8.894,
2022/11/18 3:00,111453.3153,9.182,
2022/11/18 4:00,120133.2996,9.47,
2022/11/18 5:00,128119.807,9.758,
2022/11/18 6:00,135859.2442,10.046,
2022/11/18 7:00,128426.3425,9.769166667,
2022/11/18 8:00,120806.4003,9.492333333,
2022/11/18 9:00,112462.9663,9.2155,
2022/11/18 10:00,104042.3215,8.938666667,
2022/11/18 11:00,95350.38994,8.661833333,
2022/11/18 12:00,86707.61424,8.385,
2022/11/18 13:00,73770.96837,7.965,
2022/11/18 14:00,61613.83613,7.545,
2022/11/18 15:00,50665.61355,7.125,
2022/11/18 16:00,41004.06527,6.705,
2022/11/18 17:00,32683.19154,6.285,
2022/11/18 18:00,25680.39203,5.865,
2022/11/18 19:00,17627.94244,5.236166667,
2022/11/18 20:00,11789.53602,4.607333333,
2022/11/18 21:00,7705.81116,3.9785,
2022/11/18 22:00,5013.847897,3.349666667,
2022/11/18 23:00,3161.032923,2.720833333,
2022/11/19 0:00,1900.200627,2.092,
2022/11/19 1:00,2136.13206,2.225333333,
2022/11/19 2:00,2372.063493,2.358666667,
2022/11/19 3:00,2607.994926,2.492,
2022/11/19 4:00,2927.991829,2.625333333,
2022/11/19 5:00,3253.354613,2.758666667,
2022/11/19 6:00,3578.717397,2.892,
2022/11/19 7:00,7411.604248,3.914166667,
2022/11/19 8:00,14516.94135,4.936333333,
2022/11/19 9:00,27003.89724,5.9585,
2022/11/19 10:00,47027.91836,6.980666667,
2022/11/19 11:00,74871.8118,8.002833333,
2022/11/19 12:00,106721.5183,9.025,
2022/11/19 13:00,101383.9824,8.854,
2022/11/19 14:00,96014.97471,8.683,
2022/11/19 15:00,90645.96703,8.512,
2022/11/19 16:00,85344.92264,8.341,
2022/11/19 17:00,80049.00755,8.17,
2022/11/19 18:00,74755.11717,7.999,
2022/11/19 19:00,83853.18827,8.292833333,
2022/11/19 20:00,92990.32906,8.586666667,
2022/11/19 21:00,102216.0216,8.8805,
2022/11/19 22:00,111222.2509,9.174333333,
2022/11/19 23:00,120078.0451,9.468166667,
2022/11/20 0:00,128229.6108,9.762,
2022/11/20 1:00,134838.405,10.00316667,
2022/11/20 2:00,140586.0872,10.24433333,
2022/11/20 3:00,146333.7694,10.4855,
2022/11/20 4:00,151177.7201,10.72666667,
2022/11/20 5:00,155963.8585,10.96783333,
2022/11/20 6:00,159937.7321,11.209,
2022/11/20 7:00,165573.8903,11.5795,
2022/11/20 8:00,170196.944,11.95,
2022/11/20 9:00,173879.3521,12.3205,
2022/11/20 10:00,176962.9046,12.691,
2022/11/20 11:00,179507.8993,13.0615,
2022/11/20 12:00,181481.7711,13.432,
2022/11/20 13:00,176545.5074,12.63283333,
2022/11/20 14:00,168745.3509,11.83366667,
2022/11/20 15:00,157152.8279,11.0345,
2022/11/20 16:00,140371.5918,10.23533333,
2022/11/20 17:00,119113.6024,9.436166667,
2022/11/20 18:00,94570.68025,8.637,
2022/11/20 19:00,85159.10106,8.335,
2022/11/20 20:00,75806.08142,8.033,
2022/11/20 21:00,66997.70898,7.731,
2022/11/20 22:00,58485.03889,7.429,
2022/11/20 23:00,50717.05713,7.127,
2022/11/21 0:00,43626.29878,6.825,
2022/11/21 1:00,36518.46098,6.499666667,
2022/11/21 2:00,30706.00295,6.174333333,
2022/11/21 3:00,25453.90986,5.849,
2022/11/21 4:00,20848.77233,5.523666667,
2022/11/21 5:00,17214.11914,5.198333333,
2022/11/21 6:00,13991.90891,4.873,
2022/11/21 7:00,14424.36984,4.925166667,
2022/11/21 8:00,14856.83076,4.977333333,
2022/11/21 9:00,15367.4099,5.0295,
2022/11/21 10:00,15938.01206,5.081666667,
2022/11/21 11:00,16508.61423,5.133833333,
2022/11/21 12:00,17079.2164,5.186,
2022/11/21 13:00,16277.09195,5.112666667,
2022/11/21 14:00,15474.9675,5.039333333,
2022/11/21 15:00,14762.87759,4.966,
2022/11/21 16:00,14154.9453,4.892666667,
2022/11/21 17:00,13547.01301,4.819333333,
2022/11/21 18:00,12939.08072,4.746,
2022/11/21 19:00,14936.96729,4.987,
2022/11/21 20:00,17538.61494,5.228,
2022/11/21 21:00,20174.68757,5.469,
2022/11/21 22:00,23486.34598,5.71,
2022/11/21 23:00,26897.73372,5.951,
2022/11/22 0:00,31021.63848,6.192,
2022/11/22 1:00,28597.79583,6.056333333,
2022/11/22 2:00,26468.36126,5.920666667,
2022/11/22 3:00,24547.98117,5.785,
2022/11/22 4:00,22627.60107,5.649333333,
2022/11/22 5:00,20707.22097,5.513666667,
2022/11/22 6:00,19179.32405,5.378,
2022/11/22 7:00,17334.43781,5.209333333,
2022/11/22 8:00,15489.55158,5.040666667,
2022/11/22 9:00,13983.61893,4.872,
2022/11/22 10:00,12585.37466,4.703333333,
2022/11/22 11:00,11187.13038,4.534666667,
2022/11/22 12:00,10070.12073,4.366,
2022/11/22 13:00,6987.062149,3.821333333,
2022/11/22 14:00,4769.255451,3.276666667,
2022/11/22 15:00,3188.282056,2.732,
2022/11/22 16:00,2068.891602,2.187333333,
2022/11/22 17:00,1280.355046,1.642666667,
2022/11/22 18:00,727.0468884,1.098,
2022/11/22 19:00,919.9943371,1.307166667,
2022/11/22 20:00,1118.766383,1.516333333,
2022/11/22 21:00,1386.30434,1.7255,
2022/11/22 22:00,1653.842298,1.934666667,
2022/11/22 23:00,1991.918972,2.143833333,
2022/11/23 0:00,2362.036407,2.353,
2022/11/23 1:00,3724.317242,2.951666667,
2022/11/23 2:00,5747.734585,3.550333333,
2022/11/23 3:00,8726.62598,4.149,
2022/11/23 4:00,12952.89736,4.747666667,
2022/11/23 5:00,18832.95212,5.346333333,
2022/11/23 6:00,26812.8029,5.945,
2022/11/23 7:00,30783.42298,6.178666667,
2022/11/23 8:00,34958.1495,6.412333333,
2022/11/23 9:00,39714.80047,6.646,
2022/11/23 10:00,44820.87182,6.879666667,
2022/11/23 11:00,50365.52595,7.113333333,
2022/11/23 12:00,56375.85179,7.347,
2022/11/23 13:00,49460.9762,7.078166667,
2022/11/23 14:00,43283.95163,6.809333333,
2022/11/23 15:00,37409.42017,6.5405,
2022/11/23 16:00,32444.97605,6.271666667,
2022/11/23 17:00,27641.95617,6.002833333,
2022/11/23 18:00,23826.06924,5.734,
2022/11/23 19:00,21783.0113,5.589666667,
2022/11/23 20:00,19915.82013,5.445333333,
2022/11/23 21:00,18337.09337,5.301,
2022/11/23 22:00,16758.36662,5.156666667,
2022/11/23 23:00,15179.63986,5.012333333,
2022/11/24 0:00,13950.45898,4.868,
2022/11/24 1:00,12578.46633,4.7025,
2022/11/24 2:00,11206.47368,4.537,
2022/11/24 3:00,10104.17244,4.3715,
2022/11/24 4:00,9079.525522,4.206,
2022/11/24 5:00,8054.878607,4.0405,
2022/11/24 6:00,7232.48864,3.875,
2022/11/24 7:00,5900.935593,3.583833333,
2022/11/24 8:00,4822.864754,3.292666667,
2022/11/24 9:00,3847.287124,3.0015,
2022/11/24 10:00,3135.410604,2.710333333,
2022/11/24 11:00,2479.117381,2.419166667,
2022/11/24 12:00,1963.902114,2.128,
2022/11/24 13:00,2614.483041,2.495666667,
2022/11/24 14:00,3508.764398,2.863333333,
2022/11/24 15:00,4616.245565,3.231,
2022/11/24 16:00,5968.770866,3.598666667,
2022/11/24 17:00,7650.170993,3.966333333,
2022/11/24 18:00,9872.001686,4.334,
2022/11/24 19:00,7189.043578,3.8655,
2022/11/24 20:00,5172.442085,3.397,
2022/11/24 21:00,3667.785459,2.9285,
2022/11/24 22:00,2551.371382,2.46,
2022/11/24 23:00,1726.535878,1.9915,
2022/11/25 0:00,1127.29349,1.523,
2022/11/25 1:00,1270.762051,1.635166667,
2022/11/25 2:00,1414.230613,1.747333333,
2022/11/25 3:00,1557.699175,1.8595,
2022/11/25 4:00,1701.167737,1.971666667,
2022/11/25 5:00,1885.749827,2.083833333,
2022/11/25 6:00,2084.227145,2.196,
2022/11/25 7:00,2694.950735,2.529833333,
2022/11/25 8:00,3509.577805,2.863666667,
2022/11/25 9:00,4504.001087,3.1975,
2022/11/25 10:00,5660.84446,3.531333333,
2022/11/25 11:00,7187.51919,3.865166667,
2022/11/25 12:00,9036.186982,4.199,
2022/11/25 13:00,6577.763931,3.731833333,
2022/11/25 14:00,4729.048474,3.264666667,
2022/11/25 15:00,3348.116524,2.7975,
2022/11/25 16:00,2321.928064,2.330333333,
2022/11/25 17:00,1562.389084,1.863166667,
2022/11/25 18:00,1001.939349,1.396,
2022/11/25 19:00,1464.54054,1.786666667,
2022/11/25 20:00,2051.196744,2.177333333,
2022/11/25 21:00,2788.085832,2.568,
2022/11/25 22:00,3741.398788,2.958666667,
2022/11/25 23:00,5012.731036,3.349333333,
2022/11/26 0:00,6615.111441,3.74,
2022/11/26 1:00,5846.05762,3.571833333,
2022/11/26 2:00,5194.779295,3.403666667,
2022/11/26 3:00,4631.323182,3.2355,
2022/11/26 4:00,4067.867069,3.067333333,
2022/11/26 5:00,3596.205646,2.899166667,
2022/11/26 6:00,3185.841835,2.731,
2022/11/26 7:00,6747.733209,3.769,
2022/11/26 8:00,13444.76985,4.807,
2022/11/26 9:00,25397.28932,5.845,
2022/11/26 10:00,44893.71164,6.883,
2022/11/26 11:00,72497.36404,7.921,
2022/11/26 12:00,104680.7415,8.959,
2022/11/26 13:00,84369.35933,8.3095,
2022/11/26 14:00,64942.57472,7.66,
2022/11/26 15:00,47720.46815,7.0105,
2022/11/26 16:00,34041.01985,6.361,
2022/11/26 17:00,23507.57868,5.7115,
2022/11/26 18:00,15722.89687,5.062,
2022/11/26 19:00,19821.0236,5.436666667,
2022/11/26 20:00,24920.73308,5.811333333,
2022/11/26 21:00,30914.4415,6.186,
2022/11/26 22:00,37850.10108,6.560666667,
2022/11/26 23:00,46037.29681,6.935333333,
2022/11/27 0:00,55424.14541,7.31,
2022/11/27 1:00,57670.51541,7.397333333,
2022/11/27 2:00,59916.88541,7.484666667,
2022/11/27 3:00,62395.36606,7.572,
2022/11/27 4:00,64923.27768,7.659333333,
2022/11/27 5:00,67451.18931,7.746666667,
2022/11/27 6:00,69979.10093,7.834,
2022/11/27 7:00,76002.22642,8.039333333,
2022/11/27 8:00,82361.4539,8.244666667,
2022/11/27 9:00,88720.68138,8.45,
2022/11/27 10:00,95146.30485,8.655333333,
2022/11/27 11:00,101593.3004,8.860666667,
2022/11/27 12:00,107957.2105,9.066,
2022/11/27 13:00,103764.9751,8.929833333,
2022/11/27 14:00,99489.65414,8.793666667,
2022/11/27 15:00,95214.33322,8.6575,
2022/11/27 16:00,90939.01229,8.521333333,
2022/11/27 17:00,86712.77595,8.385166667,
2022/11/27 18:00,82495.65838,8.249,
2022/11/27 19:00,87801.89689,8.420333333,
2022/11/27 20:00,93147.31759,8.591666667,
2022/11/27 21:00,98526.79117,8.763,
2022/11/27 22:00,103906.2647,8.934333333,
2022/11/27 23:00,109152.7176,9.105666667,
2022/11/28 0:00,114316.5046,9.277,
2022/11/28 1:00,105811.0589,8.995,
2022/11/28 2:00,96956.90588,8.713,
2022/11/28 3:00,88132.24637,8.431,
2022/11/28 4:00,79398.63201,8.149,
2022/11/28 5:00,70934.30418,7.867,
2022/11/28 6:00,62771.65825,7.585,
2022/11/28 7:00,63881.23778,7.623333333,
2022/11/28 8:00,64990.81731,7.661666667,
2022/11/28 9:00,66100.39684,7.7,
2022/11/28 10:00,67209.97637,7.738333333,
2022/11/28 11:00,68319.5559,7.776666667,
2022/11/28 12:00,69429.13543,7.815,
2022/11/28 13:00,67320.93432,7.742166667,
2022/11/28 14:00,65212.73321,7.669333333,
2022/11/28 15:00,63104.53211,7.5965,
2022/11/28 16:00,60996.331,7.523666667,
2022/11/28 17:00,59046.63138,7.450833333,
2022/11/28 18:00,57173.2274,7.378,
2022/11/28 19:00,59441.03222,7.466166667,
2022/11/28 20:00,61883.99463,7.554333333,
2022/11/28 21:00,64436.02754,7.6425,
2022/11/28 22:00,66988.06046,7.730666667,
2022/11/28 23:00,69540.09338,7.818833333,
2022/11/29 0:00,72092.1263,7.907,
2022/11/29 1:00,68908.11547,7.797,
2022/11/29 2:00,65724.10465,7.687,
2022/11/29 3:00,62540.09383,7.577,
2022/11/29 4:00,59462.46705,7.467,
2022/11/29 5:00,56633.06973,7.357,
2022/11/29 6:00,53803.6724,7.247,
2022/11/29 7:00,58437.88226,7.427166667,
2022/11/29 8:00,63418.10893,7.607333333,
2022/11/29 9:00,68633.13272,7.7875,
2022/11/29 10:00,73848.15651,7.967666667,
2022/11/29 11:00,79362.50003,8.147833333,
2022/11/29 12:00,84942.30921,8.328,
2022/11/29 13:00,75160.86759,8.012166667,
2022/11/29 14:00,65994.26314,7.696333333,
2022/11/29 15:00,57237.53188,7.3805,
2022/11/29 16:00,49113.73198,7.064666667,
2022/11/29 17:00,41961.9089,6.748833333,
2022/11/29 18:00,35327.38351,6.433,
2022/11/29 19:00,30164.0627,6.144,
2022/11/29 20:00,25538.84068,5.855,
2022/11/29 21:00,21448.00641,5.566,
2022/11/29 22:00,18074.57992,5.277,
2022/11/29 23:00,14945.25728,4.988,
2022/11/30 0:00,12549.45138,4.699,
2022/11/30 1:00,10484.93247,4.433,
2022/11/30 2:00,8838.067941,4.167,
2022/11/30 3:00,7351.390916,3.901,
2022/11/30 4:00,6134.929174,3.635,
2022/11/30 5:00,5078.625805,3.369,
2022/11/30 6:00,4187.37114,3.103,
2022/11/30 7:00,3067.491123,2.6825,
2022/11/30 8:00,2201.013204,2.262,
2022/11/30 9:00,1534.675988,1.8415,
2022/11/30 10:00,1025.000797,1.421,
2022/11/30 11:00,637.107241,1.0005,
2022/11/30 12:00,357.6913205,0.58,
2022/11/30 13:00,497.3900589,0.790333333,
2022/11/30 14:00,637.260984,1.000666667,
2022/11/30 15:00,831.2846336,1.211,
2022/11/30 16:00,1025.308283,1.421333333,
2022/11/30 17:00,1266.285321,1.631666667,
2022/11/30 18:00,1535.315521,1.842,
2022/11/30 19:00,1843.282169,2.059833333,
2022/11/30 20:00,2228.735148,2.277666667,
2022/11/30 21:00,2614.188127,2.4955,
2022/11/30 22:00,3142.731266,2.713333333,
2022/11/30 23:00,3674.292714,2.931166667,
2022/12/1 0:00,4341.497887,3.149,
2022/12/1 1:00,4358.809224,3.154166667,
2022/12/1 2:00,4376.120562,3.159333333,
2022/12/1 3:00,4393.431899,3.1645,
2022/12/1 4:00,4410.743237,3.169666667,
2022/12/1 5:00,4428.054574,3.174833333,
2022/12/1 6:00,4445.365912,3.18,
2022/12/1 7:00,3283.45067,2.771,
2022/12/1 8:00,2377.961779,2.362,
2022/12/1 9:00,1677.29184,1.953,
2022/12/1 10:00,1154.153874,1.544,
2022/12/1 11:00,761.1778315,1.135,
2022/12/1 12:00,454.6612847,0.726,
2022/12/1 13:00,1035.147834,1.432,
2022/12/1 14:00,1981.596972,2.138,
2022/12/1 15:00,3461.586794,2.844,
2022/12/1 16:00,5746.210196,3.55,
2022/12/1 17:00,9389.086523,4.256,
2022/12/1 18:00,14729.71765,4.962,
2022/12/1 19:00,20700.1434,5.513166667,
2022/12/1 20:00,28740.72513,6.064333333,
2022/12/1 21:00,39048.31612,6.6155,
2022/12/1 22:00,51737.35496,7.166666667,
2022/12/1 23:00,66616.59253,7.717833333,
2022/12/2 0:00,83115.06365,8.269,
2022/12/2 1:00,88725.84309,8.450166667,
2022/12/2 2:00,94392.75992,8.631333333,
2022/12/2 3:00,100080.9776,8.8125,
2022/12/2 4:00,105769.1953,8.993666667,
2022/12/2 5:00,111237.3203,9.174833333,
2022/12/2 6:00,116697.4725,9.356,
2022/12/2 7:00,127657.7162,9.741166667,
2022/12/2 8:00,137773.8142,10.12633333,
2022/12/2 9:00,146907.5717,10.5115,
2022/12/2 10:00,154551.5011,10.89666667,
2022/12/2 11:00,161100.1037,11.28183333,
2022/12/2 12:00,166665.7046,11.667,
2022/12/2 13:00,157424.1366,11.0515,
2022/12/2 14:00,145154.0447,10.436,
2022/12/2 15:00,129835.4907,9.8205,
2022/12/2 16:00,112146.5085,9.205,
2022/12/2 17:00,93079.28923,8.5895,
2022/12/2 18:00,74031.47834,7.974,
2022/12/2 19:00,71373.31173,7.882166667,
2022/12/2 20:00,68715.14512,7.790333333,
2022/12/2 21:00,66056.97851,7.6985,
2022/12/2 22:00,63398.8119,7.606666667,
2022/12/2 23:00,60740.64529,7.514833333,
2022/12/3 0:00,58330.70812,7.423,
2022/12/3 1:00,48316.35637,7.033666667,
2022/12/3 2:00,39678.38056,6.644333333,
2022/12/3 3:00,32147.20668,6.255,
2022/12/3 4:00,25689.82879,5.865666667,
2022/12/3 5:00,20254.90001,5.476333333,
2022/12/3 6:00,15996.34839,5.087,
2022/12/3 7:00,13915.91738,4.863833333,
2022/12/3 8:00,12065.86888,4.640666667,
2022/12/3 9:00,10388.96856,4.4175,
2022/12/3 10:00,9007.294622,4.194333333,
2022/12/3 11:00,7672.274621,3.971166667,
2022/12/3 12:00,6651.696756,3.748,
2022/12/3 13:00,5703.527328,3.540666667,
2022/12/3 14:00,4959.121733,3.333333333,
2022/12/3 15:00,4264.434514,3.126,
2022/12/3 16:00,3643.789953,2.918666667,
2022/12/3 17:00,3137.850825,2.711333333,
2022/12/3 18:00,2631.911696,2.504,
2022/12/3 19:00,3041.868803,2.672,
2022/12/3 20:00,3451.825911,2.84,
2022/12/3 21:00,3869.065903,3.008,
2022/12/3 22:00,4431.963586,3.176,
2022/12/3 23:00,4994.861269,3.344,
2022/12/4 0:00,5572.429948,3.512,
2022/12/4 1:00,6367.398367,3.685833333,
2022/12/4 2:00,7162.366786,3.859666667,
2022/12/4 3:00,8011.540067,4.0335,
2022/12/4 4:00,9087.780482,4.207333333,
2022/12/4 5:00,10164.0209,4.381166667,
2022/12/4 6:00,11355.69343,4.555,
2022/12/4 7:00,11981.58736,4.6305,
2022/12/4 8:00,12607.48128,4.706,
2022/12/4 9:00,13233.37521,4.7815,
2022/12/4 10:00,13859.26914,4.857,
2022/12/4 11:00,14485.16307,4.9325,
2022/12/4 12:00,15132.24159,5.008,
2022/12/4 13:00,13439.24319,4.806333333,
2022/12/4 14:00,11767.42939,4.604666667,
2022/12/4 15:00,10299.19587,4.403,
2022/12/4 16:00,9050.633162,4.201333333,
2022/12/4 17:00,7802.609808,3.999666667,
2022/12/4 18:00,6880.354978,3.798,
2022/12/4 19:00,7371.970156,3.9055,
2022/12/4 20:00,7884.620056,4.013,
2022/12/4 21:00,8550.176209,4.1205,
2022/12/4 22:00,9215.732362,4.228,
2022/12/4 23:00,9881.288516,4.3355,
2022/12/5 0:00,10546.84467,4.443,
2022/12/5 1:00,10542.71719,4.442333333,
2022/12/5 2:00,10538.58971,4.441666667,
2022/12/5 3:00,10534.46223,4.441,
2022/12/5 4:00,10530.33475,4.440333333,
2022/12/5 5:00,10526.20727,4.439666667,
2022/12/5 6:00,10522.07979,4.439,
2022/12/5 7:00,13335.61837,4.793833333,
2022/12/5 8:00,16670.86213,5.148666667,
2022/12/5 9:00,20563.31042,5.5035,
2022/12/5 10:00,25586.02446,5.858333333,
2022/12/5 11:00,31399.80557,6.213166667,
2022/12/5 12:00,38010.34869,6.568,
2022/12/5 13:00,46434.27383,6.9535,
2022/12/5 14:00,56170.07744,7.339,
2022/12/5 15:00,66809.56288,7.7245,
2022/12/5 16:00,78190.79172,8.11,
2022/12/5 17:00,90129.82838,8.4955,
2022/12/5 18:00,102231.7204,8.881,
2022/12/5 19:00,103560.89,8.923333333,
2022/12/5 20:00,104890.0595,8.965666667,
2022/12/5 21:00,106209.1581,9.008,
2022/12/5 22:00,107485.0354,9.050333333,
2022/12/5 23:00,108760.9127,9.092666667,
2022/12/6 0:00,110036.7901,9.135,
2022/12/6 1:00,89856.25772,8.486666667,
2022/12/6 2:00,70104.53166,7.838333333,
2022/12/6 3:00,52337.53015,7.19,
2022/12/6 4:00,37434.91411,6.541666667,
2022/12/6 5:00,26081.45422,5.893333333,
2022/12/6 6:00,17724.56198,5.245,
2022/12/6 7:00,13229.23022,4.781,
2022/12/6 8:00,9766.750945,4.317,
2022/12/6 9:00,7131.879023,3.853,
2022/12/6 10:00,5145.637434,3.389,
2022/12/6 11:00,3659.244686,2.925,
2022/12/6 12:00,2553.140868,2.461,
2022/12/6 13:00,2357.022864,2.350166667,
2022/12/6 14:00,2160.904861,2.239333333,
2022/12/6 15:00,1964.786857,2.1285,
2022/12/6 16:00,1768.668853,2.017666667,
2022/12/6 17:00,1618.241629,1.906833333,
2022/12/6 18:00,1476.478489,1.796,
2022/12/6 19:00,1830.30594,2.0525,
2022/12/6 20:00,2284.179035,2.309,
2022/12/6 21:00,2781.98528,2.5655,
2022/12/6 22:00,3407.901935,2.822,
2022/12/6 23:00,4105.281895,3.0785,
2022/12/7 0:00,4964.706036,3.335,
2022/12/7 1:00,5537.36902,3.504333333,
2022/12/7 2:00,6311.758199,3.673666667,
2022/12/7 3:00,7086.147378,3.843,
2022/12/7 4:00,7880.492576,4.012333333,
2022/12/7 5:00,8928.872501,4.181666667,
2022/12/7 6:00,9977.252426,4.351,
2022/12/7 7:00,11441.35662,4.565333333,
2022/12/7 8:00,13218.17691,4.779666667,
2022/12/7 9:00,14994.99719,4.994,
2022/12/7 10:00,17323.49975,5.208333333,
2022/12/7 11:00,19667.89076,5.422666667,
2022/12/7 12:00,22453.02106,5.637,
2022/12/7 13:00,18481.11117,5.314166667,
2022/12/7 14:00,14972.89057,4.991333333,
2022/12/7 15:00,12296.60682,4.6685,
2022/12/7 16:00,9944.232586,4.345666667,
2022/12/7 17:00,7945.500387,4.022833333,
2022/12/7 18:00,6432.184863,3.7,
2022/12/7 19:00,5759.92969,3.553,
2022/12/7 20:00,5202.597318,3.406,
2022/12/7 21:00,4710.061846,3.259,
2022/12/7 22:00,4217.526373,3.112,
2022/12/7 23:00,3756.853521,2.965,
2022/12/8 0:00,3398.141052,2.818,
2022/12/8 1:00,3839.414327,2.998833333,
2022/12/8 2:00,4444.249051,3.179666667,
2022/12/8 3:00,5050.145863,3.3605,
2022/12/8 4:00,5706.576105,3.541333333,
2022/12/8 5:00,6533.556675,3.722166667,
2022/12/8 6:00,7360.537245,3.903,
2022/12/8 7:00,13794.33092,4.849166667,
2022/12/8 8:00,24694.2509,5.795333333,
2022/12/8 9:00,41801.6613,6.7415,
2022/12/8 10:00,65743.40168,7.687666667,
2022/12/8 11:00,94471.25418,8.633833333,
2022/12/8 12:00,123233.5398,9.58,
2022/12/8 13:00,106641.1481,9.022333333,
2022/12/8 14:00,89174.91192,8.464666667,
2022/12/8 15:00,72092.1263,7.907,
2022/12/8 16:00,56435.86931,7.349333333,
2022/12/8 17:00,42897.90058,6.791666667,
2022/12/8 18:00,31772.01728,6.234,
2022/12/8 19:00,25770.04123,5.871333333,
2022/12/8 20:00,20636.44529,5.508666667,
2022/12/8 21:00,16641.69397,5.146,
2022/12/8 22:00,13248.57352,4.783333333,
2022/12/8 23:00,10408.57409,4.420666667,
2022/12/9 0:00,8163.224958,4.058,
2022/12/9 1:00,9140.405852,4.215833333,
2022/12/9 2:00,10117.58675,4.373666667,
2022/12/9 3:00,11160.87876,4.5315,
2022/12/9 4:00,12469.31485,4.689333333,
2022/12/9 5:00,13777.75095,4.847166667,
2022/12/9 6:00,15099.42741,5.005,
2022/12/9 7:00,17635.23448,5.236833333,
2022/12/9 8:00,20171.04155,5.468666667,
2022/12/9 9:00,23351.87219,5.7005,
2022/12/9 10:00,26633.50452,5.932333333,
2022/12/9 11:00,30524.36363,6.164166667,
2022/12/9 12:00,34666.33552,6.396,
2022/12/9 13:00,30554.14057,6.165833333,
2022/12/9 14:00,26680.6883,5.935666667,
2022/12/9 15:00,23422.64787,5.7055,
2022/12/9 16:00,20243.96195,5.475333333,
2022/12/9 17:00,17726.38499,5.245166667,
2022/12/9 18:00,15208.80802,5.015,
2022/12/9 19:00,13202.9786,4.777833333,
2022/12/9 20:00,11236.8703,4.540666667,
2022/12/9 21:00,9683.169475,4.3035,
2022/12/9 22:00,8214.818458,4.066333333,
2022/12/9 23:00,7022.88527,3.829166667,
2022/12/10 0:00,5938.283103,3.592,
2022/12/10 1:00,5531.271468,3.503,
2022/12/10 2:00,5229.40197,3.414,
2022/12/10 3:00,4931.200221,3.325,
2022/12/10 4:00,4632.998473,3.236,
2022/12/10 5:00,4334.796724,3.147,
2022/12/10 6:00,4036.594975,3.058,
2022/12/10 7:00,3273.689787,2.767,
2022/12/10 8:00,2579.683154,2.476,
2022/12/10 9:00,2064.762802,2.185,
2022/12/10 10:00,1601.82695,1.894,
2022/12/10 11:00,1229.618764,1.603,
2022/12/10 12:00,924.4528838,1.312,
2022/12/10 13:00,882.7885343,1.266833333,
2022/12/10 14:00,841.1241848,1.221666667,
2022/12/10 15:00,799.4598353,1.1765,
2022/12/10 16:00,757.7954858,1.131333333,
2022/12/10 17:00,716.1311363,1.086166667,
2022/12/10 18:00,674.4667868,1.041,
2022/12/10 19:00,1214.056795,1.590833333,
2022/12/10 20:00,1986.3156,2.140666667,
2022/12/10 21:00,3087.01289,2.6905,
2022/12/10 22:00,4647.517659,3.240333333,
2022/12/10 23:00,6844.531857,3.790166667,
2022/12/11 0:00,9909.149006,4.34,
2022/12/11 1:00,9471.636124,4.269333333,
2022/12/11 2:00,9034.123242,4.198666667,
2022/12/11 3:00,8596.61036,4.128,
2022/12/11 4:00,8159.097478,4.057333333,
2022/12/11 5:00,7743.15867,3.986666667,
2022/12/11 6:00,7419.988383,3.916,
2022/12/11 7:00,7938.277297,4.021666667,
2022/12/11 8:00,8592.48288,4.127333333,
2022/12/11 9:00,9246.688463,4.233,
2022/12/11 10:00,9900.894046,4.338666667,
2022/12/11 11:00,10555.09963,4.444333333,
2022/12/11 12:00,11314.2435,4.55,
2022/12/11 13:00,8935.063721,4.182666667,
2022/12/11 14:00,6959.623162,3.815333333,
2022/12/11 15:00,5343.321739,3.448,
2022/12/11 16:00,4112.541488,3.080666667,
2022/12/11 17:00,3142.731266,2.713333333,
2022/12/11 18:00,2349.650007,2.346,
2022/12/11 19:00,2471.44961,2.414833333,
2022/12/11 20:00,2593.249212,2.483666667,
2022/12/11 21:00,2750.262408,2.5525,
2022/12/11 22:00,2918.230946,2.621333333,
2022/12/11 23:00,3086.199483,2.690166667,
2022/12/12 0:00,3254.16802,2.759,
2022/12/12 1:00,3558.788926,2.883833333,
2022/12/12 2:00,3871.299624,3.008666667,
2022/12/12 3:00,4289.563874,3.1335,
2022/12/12 4:00,4707.828125,3.258333333,
2022/12/12 5:00,5126.092375,3.383166667,
2022/12/12 6:00,5554.13729,3.508,
2022/12/12 7:00,4046.64672,3.061,
2022/12/12 8:00,2900.335992,2.614,
2022/12/12 9:00,2032.912058,2.167,
2022/12/12 10:00,1379.269478,1.72,
2022/12/12 11:00,888.4770248,1.273,
2022/12/12 12:00,521.0790684,0.826,
2022/12/12 13:00,677.0804176,1.043833333,
2022/12/12 14:00,878.0225017,1.261666667,
2022/12/12 15:00,1078.964586,1.4795,
2022/12/12 16:00,1350.277317,1.697333333,
2022/12/12 17:00,1628.900512,1.915166667,
2022/12/12 18:00,1972.749543,2.133,
2022/12/12 19:00,2465.551324,2.4115,
2022/12/12 20:00,3085.792779,2.69,
2022/12/12 21:00,3765.394294,2.9685,
2022/12/12 22:00,4669.854868,3.247,
2022/12/12 23:00,5634.167668,3.5255,
2022/12/13 0:00,6907.793965,3.804,
2022/12/13 1:00,7423.037159,3.916666667,
2022/12/13 2:00,7985.743317,4.029333333,
2022/12/13 3:00,8683.28744,4.142,
2022/12/13 4:00,9380.831563,4.254666667,
2022/12/13 5:00,10078.37569,4.367333333,
2022/12/13 6:00,10775.91981,4.48,
2022/12/13 7:00,10085.59878,4.3685,
2022/12/13 8:00,9395.277743,4.257,
2022/12/13 9:00,8704.95671,4.1455,
2022/12/13 10:00,8014.635677,4.034,
2022/12/13 11:00,7449.713952,3.9225,
2022/12/13 12:00,6939.806116,3.811,
2022/12/13 13:00,8157.033738,4.057,
2022/12/13 14:00,9680.073865,4.303,
2022/12/13 15:00,11305.95351,4.549,
2022/12/13 16:00,13345.29002,4.795,
2022/12/13 17:00,15493.1976,5.041,
2022/12/13 18:00,18183.96052,5.287,
2022/12/13 19:00,25486.93851,5.851333333,
2022/12/13 20:00,35017.70337,6.415666667,
2022/12/13 21:00,47013.35039,6.98,
2022/12/13 22:00,61594.5391,7.544333333,
2022/12/13 23:00,78149.49804,8.108666667,
2022/12/14 0:00,95700.99765,8.673,
2022/12/14 1:00,96046.37242,8.684,
2022/12/14 2:00,96391.74718,8.695,
2022/12/14 3:00,96737.12194,8.706,
2022/12/14 4:00,97082.4967,8.717,
2022/12/14 5:00,97427.87147,8.728,
2022/12/14 6:00,97773.24623,8.739,
2022/12/14 7:00,109916.2347,9.131,
2022/12/14 8:00,121668.8363,9.523,
2022/12/14 9:00,132429.6045,9.915,
2022/12/14 10:00,142079.6107,10.307,
2022/12/14 11:00,150628.6537,10.699,
2022/12/14 12:00,158054.5304,11.091,
2022/12/14 13:00,150598.8851,10.6975,
2022/12/14 14:00,142008.1122,10.304,
2022/12/14 15:00,132306.0753,9.9105,
2022/12/14 16:00,121504.1306,9.517,
2022/12/14 17:00,109690.1935,9.1235,
2022/12/14 18:00,97490.66688,8.73,
2022/12/14 19:00,90462.81375,8.506166667,
2022/12/14 20:00,83528.0005,8.282333333,
2022/12/14 21:00,76595.82314,8.0585,
2022/12/14 22:00,69998.39797,7.834666667,
2022/12/14 23:00,63519.41837,7.610833333,
2022/12/15 0:00,57404.72354,7.387,
2022/12/15 1:00,45862.48124,6.927333333,
2022/12/15 2:00,35946.74379,6.467666667,
2022/12/15 3:00,27734.26467,6.008,
2022/12/15 4:00,21197.93235,5.548333333,
2022/12/15 5:00,16014.57849,5.088666667,
2022/12/15 6:00,11969.15238,4.629,
2022/12/15 7:00,8815.366801,4.163333333,
2022/12/15 8:00,6421.514146,3.697666667,
2022/12/15 9:00,4619.596147,3.232,
2022/12/15 10:00,3272.062973,2.766333333,
2022/12/15 11:00,2269.43332,2.300666667,
2022/12/15 12:00,1526.36206,1.835,
2022/12/15 13:00,1724.617279,1.99,
2022/12/15 14:00,1993.983372,2.145,
2022/12/15 15:00,2268.253663,2.3,
2022/12/15 16:00,2542.523954,2.455,
2022/12/15 17:00,2890.575109,2.61,
2022/12/15 18:00,3268.809345,2.765,
2022/12/15 19:00,4329.770852,3.1455,
2022/12/15 20:00,5636.45425,3.526,
2022/12/15 21:00,7376.54332,3.9065,
2022/12/15 22:00,9581.014344,4.287,
2022/12/15 23:00,12288.31683,4.6675,
2022/12/16 0:00,15569.76402,5.048,
2022/12/16 1:00,13701.75941,4.838,
2022/12/16 2:00,11960.86239,4.628,
2022/12/16 3:00,10392.06417,4.418,
2022/12/16 4:00,9091.907962,4.208,
2022/12/16 5:00,7794.987867,3.998,
2022/12/16 6:00,6834.623334,3.788,
2022/12/16 7:00,9895.734696,4.337833333,
2022/12/16 8:00,14113.49537,4.887666667,
2022/12/16 9:00,19830.13866,5.4375,
2022/12/16 10:00,27412.03699,5.987333333,
2022/12/16 11:00,37336.58035,6.537166667,
2022/12/16 12:00,49688.18538,7.087,
2022/12/16 13:00,50802.79645,7.130333333,
2022/12/16 14:00,51917.40751,7.173666667,
2022/12/16 15:00,53032.01858,7.217,
2022/12/16 16:00,54146.62965,7.260333333,
2022/12/16 17:00,55261.24072,7.303666667,
2022/12/16 18:00,56375.85179,7.347,
2022/12/16 19:00,53254.9408,7.225666667,
2022/12/16 20:00,50134.02981,7.104333333,
2022/12/16 21:00,47078.90623,6.983,
2022/12/16 22:00,44427.5368,6.861666667,
2022/12/16 23:00,41776.16736,6.740333333,
2022/12/17 0:00,39124.79793,6.619,
2022/12/17 1:00,35130.85573,6.422,
2022/12/17 2:00,31611.22182,6.225,
2022/12/17 3:00,28091.58791,6.028,
2022/12/17 4:00,25199.11742,5.831,
2022/12/17 5:00,22410.55565,5.634,
2022/12/17 6:00,19824.66963,5.437,
2022/12/17 7:00,22710.17269,5.655166667,
2022/12/17 8:00,25798.3515,5.873333333,
2022/12/17 9:00,29226.0892,6.0915,
2022/12/17 10:00,33123.8902,6.309666667,
2022/12/17 11:00,37132.62886,6.527833333,
2022/12/17 12:00,41899.99505,6.746,
2022/12/17 13:00,39885.97404,6.653833333,
2022/12/17 14:00,37871.95303,6.561666667,
2022/12/17 15:00,35979.49843,6.4695,
2022/12/17 16:00,34332.83383,6.377333333,
2022/12/17 17:00,32686.16923,6.285166667,
2022/12/17 18:00,31039.50464,6.193,
2022/12/17 19:00,32328.84599,6.265166667,
2022/12/17 20:00,33618.18735,6.337333333,
2022/12/17 21:00,34907.52871,6.4095,
2022/12/17 22:00,36196.87006,6.481666667,
2022/12/17 23:00,37700.77945,6.553833333,
2022/12/18 0:00,39277.76155,6.626,
2022/12/18 1:00,35509.02283,6.443166667,
2022/12/18 2:00,32242.49288,6.260333333,
2022/12/18 3:00,28975.96293,6.0775,
2022/12/18 4:00,26100.32773,5.894666667,
2022/12/18 5:00,23512.29706,5.711833333,
2022/12/18 6:00,20924.26639,5.529,
2022/12/18 7:00,22283.15943,5.625,
2022/12/18 8:00,23642.05247,5.721,
2022/12/18 9:00,25000.94551,5.817,
2022/12/18 10:00,26359.83856,5.913,
2022/12/18 11:00,27752.13083,6.009,
2022/12/18 12:00,29467.28238,6.105,
2022/12/18 13:00,27159.60373,5.9695,
2022/12/18 14:00,25241.58282,5.834,
2022/12/18 15:00,23323.56191,5.6985,
2022/12/18 16:00,21405.54101,5.563,
2022/12/18 17:00,19720.75805,5.4275,
2022/12/18 18:00,18238.65083,5.292,
2022/12/18 19:00,25064.64362,5.8215,
2022/12/18 20:00,33862.35823,6.351,
2022/12/18 21:00,44839.08178,6.8805,
2022/12/18 22:00,57996.3248,7.41,
2022/12/18 23:00,73032.85677,7.9395,
2022/12/19 0:00,89309.11639,8.469,
2022/12/19 1:00,99981.55153,8.809333333,
2022/12/19 2:00,110478.8263,9.149666667,
2022/12/19 3:00,120736.0763,9.49,
2022/12/19 4:00,130105.425,9.830333333,
2022/12/19 5:00,138830.4026,10.17066667,
2022/12/19 6:00,146897.6488,10.511,
2022/12/19 7:00,152891.0716,10.813,
2022/12/19 8:00,158437.5545,11.115,
2022/12/19 9:00,163257.274,11.417,
2022/12/19 10:00,167314.5542,11.719,
2022/12/19 11:00,171021.2398,12.021,
2022/12/19 12:00,173903.2095,12.323,
2022/12/19 13:00,171542.9208,12.07566667,
2022/12/19 14:00,168678.8022,11.82833333,
2022/12/19 15:00,165592.6071,11.581,
2022/12/19 16:00,161927.3293,11.33366667,
2022/12/19 17:00,157980.0535,11.08633333,
2022/12/19 18:00,153407.0617,10.839,
2022/12/19 19:00,151108.2599,10.72316667,
2022/12/19 20:00,148809.4581,10.60733333,
2022/12/19 21:00,146476.7663,10.4915,
2022/12/19 22:00,143716.1311,10.37566667,
2022/12/19 23:00,140955.4959,10.25983333,
2022/12/20 0:00,138194.8607,10.144,
2022/12/20 1:00,115321.1324,9.310333333,
2022/12/20 2:00,89546.55508,8.476666667,
2022/12/20 3:00,64450.50032,7.643,
2022/12/20 4:00,43283.95163,6.809333333,
2022/12/20 5:00,27246.89374,5.975666667,
2022/12/20 6:00,16597.94173,5.142,
2022/12/20 7:00,18964.20885,5.358333333,
2022/12/20 8:00,21570.68426,5.574666667,
2022/12/20 9:00,24632.91198,5.791,
2022/12/20 10:00,27722.3539,6.007333333,
2022/12/20 11:00,31587.40027,6.223666667,
2022/12/20 12:00,35452.44665,6.44,
2022/12/20 13:00,40432.27269,6.678833333,
2022/12/20 14:00,45651.24577,6.917666667,
2022/12/20 15:00,51475.85005,7.1565,
2022/12/20 16:00,57619.07182,7.395333333,
2022/12/20 17:00,64194.8146,7.634166667,
2022/12/20 18:00,71107.9775,7.873,
2022/12/20 19:00,73848.15651,7.967666667,
2022/12/20 20:00,76714.54249,8.062333333,
2022/12/20 21:00,79646.39412,8.157,
2022/12/20 22:00,82578.24575,8.251666667,
2022/12/20 23:00,85510.09738,8.346333333,
2022/12/21 0:00,88441.94901,8.441,
2022/12/21 1:00,80477.42953,8.183833333,
2022/12/21 2:00,72661.38884,7.926666667,
2022/12/21 3:00,65217.55747,7.6695,
2022/12/21 4:00,58056.34232,7.412333333,
2022/12/21 5:00,51441.55433,7.155166667,
2022/12/21 6:00,45221.49083,6.898,
2022/12/21 7:00,51450.12826,7.1555,
2022/12/21 8:00,58073.49018,7.413,
2022/12/21 9:00,65246.50303,7.6705,
2022/12/21 10:00,72699.98291,7.928,
2022/12/21 11:00,80529.04663,8.1855,
2022/12/21 12:00,88503.88954,8.443,
2022/12/21 13:00,71054.91065,7.871166667,
2022/12/21 14:00,55149.77961,7.299333333,
2022/12/21 15:00,41495.73406,6.7275,
2022/12/21 16:00,30372.50126,6.155666667,
2022/12/21 17:00,21700.43967,5.583833333,
2022/12/21 18:00,15175.99384,5.012,
2022/12/21 19:00,13716.95772,4.839833333,
2022/12/21 20:00,12289.6985,4.667666667,
2022/12/21 21:00,10871.88372,4.4955,
2022/12/21 22:00,9805.962005,4.323333333,
2022/12/21 23:00,8740.04029,4.151166667,
2022/12/22 0:00,7708.097743,3.979,
2022/12/22 1:00,7538.128464,3.941833333,
2022/12/22 2:00,7368.159186,3.904666667,
2022/12/22 3:00,7198.189907,3.8675,
2022/12/22 4:00,7028.220629,3.830333333,
2022/12/22 5:00,6858.25135,3.793166667,
2022/12/22 6:00,6688.282072,3.756,
2022/12/22 7:00,7224.104506,3.873166667,
2022/12/22 8:00,7759.92694,3.990333333,
2022/12/22 9:00,8469.690349,4.1075,
2022/12/22 10:00,9195.094962,4.224666667,
2022/12/22 11:00,9920.499576,4.341833333,
2022/12/22 12:00,10645.90419,4.459,
2022/12/22 13:00,9136.278372,4.215166667,
2022/12/22 14:00,7673.036815,3.971333333,
2022/12/22 15:00,6557.946885,3.7275,
2022/12/22 16:00,5462.825811,3.483666667,
2022/12/22 17:00,4645.842368,3.239833333,
2022/12/22 18:00,3832.500368,2.996,
2022/12/22 19:00,4232.60399,3.1165,
2022/12/22 20:00,4636.349054,3.237,
2022/12/22 21:00,5040.094118,3.3575,
2022/12/22 22:00,5443.839182,3.478,
2022/12/22 23:00,5968.008672,3.5985,
2022/12/23 0:00,6519.074987,3.719,
2022/12/23 1:00,6903.220801,3.803,
2022/12/23 2:00,7287.366614,3.887,
2022/12/23 3:00,7671.512427,3.971,
2022/12/23 4:00,8144.651298,4.055,
2022/12/23 5:00,8664.71378,4.139,
2022/12/23 6:00,9184.776262,4.223,
2022/12/23 7:00,10197.04074,4.3865,
2022/12/23 8:00,11314.2435,4.55,
2022/12/23 9:00,12669.65618,4.7135,
2022/12/23 10:00,14025.06886,4.877,
2022/12/23 11:00,15487.72857,5.0405,
2022/12/23 12:00,17276.10149,5.204,
2022/12/23 13:00,16701.8533,5.1515,
2022/12/23 14:00,16127.60512,5.099,
2022/12/23 15:00,15553.35693,5.0465,
2022/12/23 16:00,14994.99719,4.994,
2022/12/23 17:00,14559.77294,4.9415,
2022/12/23 18:00,14124.54869,4.889,
2022/12/23 19:00,16820.34896,5.162333333,
2022/12/23 20:00,19810.08554,5.435666667,
2022/12/23 21:00,23472.19084,5.709,
2022/12/23 22:00,27341.26131,5.982333333,
2022/12/23 23:00,32159.11745,6.255666667,
2022/12/24 0:00,37158.1228,6.529,
2022/12/24 1:00,36470.81788,6.497,
2022/12/24 2:00,35899.1007,6.465,
2022/12/24 3:00,35327.38351,6.433,
2022/12/24 4:00,34755.66633,6.401,
2022/12/24 5:00,34183.94915,6.369,
2022/12/24 6:00,33612.23196,6.337,
2022/12/24 7:00,40115.41947,6.664333333,
2022/12/24 8:00,47268.28976,6.991666667,
2022/12/24 9:00,55655.64156,7.319,
2022/12/24 10:00,64546.9855,7.646333333,
2022/12/24 11:00,74021.82982,7.973666667,
2022/12/24 12:00,84106.11209,8.301,
2022/12/24 13:00,80198.69715,8.174833333,
2022/12/24 14:00,76291.28222,8.048666667,
2022/12/24 15:00,72540.78237,7.9225,
2022/12/24 16:00,68888.81844,7.796333333,
2022/12/24 17:00,65236.85451,7.670166667,
2022/12/24 18:00,61584.89058,7.544,
2022/12/24 19:00,58875.15276,7.444166667,
2022/12/24 20:00,56307.26034,7.344333333,
2022/12/24 21:00,53739.36791,7.2445,
2022/12/24 22:00,51171.47549,7.144666667,
2022/12/24 23:00,48603.58307,7.044833333,
2022/12/25 0:00,46248.53229,6.945,
2022/12/25 1:00,47319.27764,6.994,
2022/12/25 2:00,48556.42645,7.043,
2022/12/25 3:00,49816.79435,7.092,
2022/12/25 4:00,51077.16225,7.141,
2022/12/25 5:00,52337.53015,7.19,
2022/12/25 6:00,53597.89805,7.239,
2022/12/25 7:00,63582.13373,7.613,
2022/12/25 8:00,74407.77053,7.987,
2022/12/25 9:00,85964.32791,8.361,
2022/12/25 10:00,97647.65541,8.735,
2022/12/25 11:00,109253.1804,9.109,
2022/12/25 12:00,120525.1045,9.483,
2022/12/25 13:00,117214.8558,9.373166667,
2022/12/25 14:00,113904.6072,9.263333333,
2022/12/25 15:00,110594.3585,9.1535,
2022/12/25 16:00,107284.1099,9.043666667,
2022/12/25 17:00,103890.5659,8.933833333,
2022/12/25 18:00,100442.0512,8.824,
2022/12/25 19:00,104361.5315,8.948833333,
2022/12/25 20:00,108188.2749,9.073666667,
2022/12/25 21:00,111950.6061,9.1985,
2022/12/25 22:00,115712.9372,9.323333333,
2022/12/25 23:00,119475.2684,9.448166667,
2022/12/26 0:00,123041.3832,9.573,
2022/12/26 1:00,121870.1432,9.530333333,
2022/12/26 2:00,120665.7524,9.487666667,
2022/12/26 3:00,119379.8288,9.445,
2022/12/26 4:00,118093.9052,9.402333333,
2022/12/26 5:00,116807.9816,9.359666667,
2022/12/26 6:00,115522.058,9.317,
2022/12/26 7:00,125072.7528,9.647,
2022/12/26 8:00,134131.5628,9.977,
2022/12/26 9:00,142079.6107,10.307,
2022/12/26 10:00,149398.2159,10.637,
2022/12/26 11:00,155947.3203,10.967,
2022/12/26 12:00,161342.1537,11.297,
2022/12/26 13:00,155249.4107,10.93183333,
2022/12/26 14:00,148002.3967,10.56666667,
2022/12/26 15:00,139565.248,10.2015,
2022/12/26 16:00,130270.1306,9.836333333,
2022/12/26 17:00,120168.4616,9.471166667,
2022/12/26 18:00,109162.7639,9.106,
2022/12/26 19:00,104549.9177,8.954833333,
2022/12/26 20:00,99803.6312,8.803666667,
2022/12/26 21:00,95057.34469,8.6525,
2022/12/26 22:00,90311.05817,8.501333333,
2022/12/26 23:00,85628.81672,8.350166667,
2022/12/27 0:00,80947.14519,8.199,
2022/12/27 1:00,76224.17998,8.0465,
2022/12/27 2:00,71715.83411,7.894,
2022/12/27 3:00,67301.63728,7.7415,
2022/12/27 4:00,62887.44046,7.589,
2022/12/27 5:00,58677.95234,7.4365,
2022/12/27 6:00,54755.37877,7.284,
2022/12/27 7:00,56221.52102,7.341,
2022/12/27 8:00,57687.66327,7.398,
2022/12/27 9:00,59153.80553,7.455,
2022/12/27 10:00,60658.63289,7.512,
2022/12/27 11:00,62308.5294,7.569,
2022/12/27 12:00,63958.42592,7.626,
2022/12/27 13:00,59351.00595,7.462666667,
2022/12/27 14:00,55149.77961,7.299333333,
2022/12/27 15:00,50948.55328,7.136,
2022/12/27 16:00,46853.10279,6.972666667,
2022/12/27 17:00,43283.95163,6.809333333,
2022/12/27 18:00,39714.80047,6.646,
2022/12/27 19:00,33945.73365,6.355666667,
2022/12/27 20:00,28758.59129,6.065333333,
2022/12/27 21:00,24406.42981,5.775,
2022/12/27 22:00,20346.05052,5.484666667,
2022/12/27 23:00,17170.3669,5.194333333,
2022/12/28 0:00,14248.89847,4.904,
2022/12/28 1:00,10632.48988,4.456833333,
2022/12/28 2:00,7863.982656,4.009666667,
2022/12/28 3:00,5803.374752,3.5625,
2022/12/28 4:00,4228.694978,3.115333333,
2022/12/28 5:00,3032.514623,2.668166667,
2022/12/28 6:00,2128.464289,2.221,
2022/12/28 7:00,5087.002258,3.3715,
2022/12/28 8:00,11082.1239,4.522,
2022/12/28 9:00,22955.52838,5.6725,
2022/12/28 10:00,43582.59489,6.823,
2022/12/28 11:00,74017.00557,7.9735,
2022/12/28 12:00,109705.2629,9.124,
2022/12/28 13:00,113779.0287,9.259166667,
2022/12/28 14:00,117852.7945,9.394333333,
2022/12/28 15:00,121847.2674,9.5295,
2022/12/28 16:00,125557.7194,9.664666667,
2022/12/28 17:00,129268.1713,9.799833333,
2022/12/28 18:00,132978.6233,9.935,
2022/12/28 19:00,116456.3618,9.348,
2022/12/28 20:00,98463.99576,8.761,
2022/12/28 21:00,80172.8886,8.174,
2022/12/28 22:00,62829.54936,7.587,
2022/12/28 23:00,47450.38931,7,
2022/12/29 0:00,34970.06027,6.413,
2022/12/29 1:00,33695.60739,6.341666667,
2022/12/29 2:00,32421.1545,6.270333333,
2022/12/29 3:00,31146.70161,6.199,
2022/12/29 4:00,29872.24872,6.127666667,
2022/12/29 5:00,28597.79583,6.056333333,
2022/12/29 6:00,27379.00834,5.985,
2022/12/29 7:00,36844.91157,6.514666667,
2022/12/29 8:00,48590.72217,7.044333333,
2022/12/29 9:00,62453.25717,7.574,
2022/12/29 10:00,77994.64672,8.103666667,
2022/12/29 11:00,94455.55533,8.633333333,
2022/12/29 12:00,110880.6774,9.163,
2022/12/29 13:00,101504.3403,8.857833333,
2022/12/29 14:00,91922.80707,8.552666667,
2022/12/29 15:00,82449.20298,8.2475,
2022/12/29 16:00,73114.86917,7.942333333,
2022/12/29 17:00,64281.65126,7.637166667,
2022/12/29 18:00,55990.02488,7.332,
2022/12/29 19:00,52809.09637,7.208333333,
2022/12/29 20:00,49628.16786,7.084666667,
2022/12/29 21:00,46598.16342,6.961,
2022/12/29 22:00,43895.80611,6.837333333,
2022/12/29 23:00,41193.4488,6.713666667,
2022/12/30 0:00,38491.0915,6.59,
2022/12/30 1:00,36265.35702,6.4855,
2022/12/30 2:00,34398.34309,6.381,
2022/12/30 3:00,32531.32916,6.2765,
2022/12/30 4:00,30664.31524,6.172,
2022/12/30 5:00,28797.30131,6.0675,
2022/12/30 6:00,27067.59535,5.963,
2022/12/30 7:00,31512.95793,6.2195,
2022/12/30 8:00,36095.62848,6.476,
2022/12/30 9:00,41604.99379,6.7325,
2022/12/30 10:00,47210.01791,6.989,
2022/12/30 11:00,53765.08971,7.2455,
2022/12/30 12:00,60369.17736,7.502,
2022/12/30 13:00,54888.27471,7.289166667,
2022/12/30 14:00,49413.81958,7.076333333,
2022/12/30 15:00,44467.5987,6.8635,
2022/12/30 16:00,39816.77621,6.650666667,
2022/12/30 17:00,35413.73663,6.437833333,
2022/12/30 18:00,31611.22182,6.225,
2022/12/30 19:00,31471.27022,6.217166667,
2022/12/30 20:00,31331.31862,6.209333333,
2022/12/30 21:00,31191.36701,6.2015,
2022/12/30 22:00,31051.41541,6.193666667,
2022/12/30 23:00,30911.46381,6.185833333,
2022/12/31 0:00,30771.51221,6.178,
2022/12/31 1:00,38268.93005,6.579833333,
2022/12/31 2:00,47049.7703,6.981666667,
2022/12/31 3:00,57314.69726,7.3835,
2022/12/31 4:00,68570.41735,7.785333333,
2022/12/31 5:00,80580.66374,8.187166667,
2022/12/31 6:00,93063.59037,8.589,
2022/12/31 7:00,107997.3956,9.067333333,
2022/12/31 8:00,122291.0576,9.545666667,
2022/12/31 9:00,135334.9221,10.024,
2022/12/31 10:00,146725.6521,10.50233333,
2022/12/31 11:00,156218.5459,10.98066667,
2022/12/31 12:00,163927.5662,11.459,
2022/12/31 13:00,161475.1481,11.30533333,
2022/12/31 14:00,159022.7301,11.15166667,
2022/12/31 15:00,156562.5392,10.998,
2022/12/31 16:00,153512.9058,10.84433333,
2022/12/31 17:00,150463.2723,10.69066667,
2022/12/31 18:00,147413.6388,10.537,
2022/12/31 19:00,135585.1667,10.0345,
2022/12/31 20:00,121915.8947,9.532,
2022/12/31 21:00,106857.143,9.0295,
2022/12/31 22:00,91116.93262,8.527,
2022/12/31 23:00,75542.83418,8.0245,
